{
    "omi_uvai_pert": {
        "min": -3.51865915,
        "max": 1.17692543
    },
    "omi_sza": {
        "min": 42.74373245239258,
        "max": 80.0
    },
    "omi_vza": {
        "min": 18.351163864135742,
        "max": 66.2670669555664
    },
    "modis_cod": {
        "min": 0.0,
        "max": 70.0
    },
    "modis_cld_top_pres": {
        "min": 103.66666412353516,
        "max": 1025.0
    },
    "nsidc_ice": {
        "min": 0.0,
        "max": 101.0
    },
    "modis_ch1": {
        "min": 0.008529175072908401,
        "max": 0.950484573841095
    },
    "modis_ch7": {
        "min": 0.00023370716371573508,
        "max": 0.9957295060157776
    },
    "ceres_alb": {
        "min": 0.06599999219179153,
        "max": 0.8321999907493591
    },
    "ceres_swf": {
        "min": 20.181432723999023,
        "max": 683.4163208007812
    }
}